,מס' נייר / סימבול,שם נייר,סטטוס,כמות נוכחית,שער נוכחי (מקור),עלות היסטורית כוללת (שקלים),עלות ממוצעת למניה (שקלים),שווי נוכחי כולל (שקלים),רווח/הפסד לא ממומש (שקלים),רווח/הפסד ממומש ממימושים (שקלים)
0,NVDA,NVIDIA(NVDA),פעיל,20.0,196.42,10593.52,529.68,11716.85,1123.32,0.0
1,1183441,אינ.חוץS&P500,פעיל,600.0,44.7,25093.78,41.82,26820.0,1726.22,3179.93
2,MSFT,MICROSOFT(MSFT),פעיל,3.0,387.32,4848.75,1616.25,3465.66,-1383.09,0.0
3,GOOGL,ALPHABET(GOOGL),פעיל,30.0,361.98,19568.25,652.27,32389.25,12821.0,0.0
4,TSLA,TESLA MOT(TSLA),פעיל,6.0,430.87,5126.25,854.38,7710.68,2584.43,0.0
5,AAPL,AAPLE COM(AAPL),פעיל,6.0,296.33,4928.29,821.38,5303.0,374.72,0.0
6,META,META US,פעיל,6.0,623.98,13414.31,2235.72,11166.5,-2247.82,0.0
7,GE,GENERAL ELEC(GE,נמכר לחלוטין,0.0,,0.0,,0.0,0.0,56.62
8,MAGS,MAGS US,נמכר לחלוטין,0.0,,0.0,,0.0,0.0,-0.83
9,TSM,TAIWAN SEMI(TSM,נמכר לחלוטין,0.0,,0.0,,0.0,0.0,259.5
10,AMZN,אמאזון     AMZN,פעיל,30.0,242.08,23332.69,777.76,21660.83,-1671.85,0.0
11,PLTR,PLTR US,נמכר לחלוטין,0.0,,0.0,,0.0,0.0,1666.5
12,LMT,LOCKHEED(LMT),פעיל,1.0,517.7,2027.25,2027.25,1544.09,-483.16,0.0
13,LMND,LMND US,נמכר לחלוטין,0.0,,0.0,,0.0,0.0,-18.75
14,RTX,RTX US,נמכר לחלוטין,0.0,,0.0,,0.0,0.0,241.72
15,IWM,RUSSELL2000(IWM,פעיל,2.0,302.3,1700.92,850.46,1803.28,102.35,0.0
16,INTC,INTEL (INTC),נמכר לחלוטין,0.0,,0.0,,0.0,0.0,-11.4
17,MU,MICRON(MU),נמכר לחלוטין,0.0,,0.0,,0.0,0.0,382.5
18,ASML,ASML HOL(ASML),פעיל,1.0,1873.27,3270.0,3270.0,5587.22,2317.22,0.0
19,99028,דיב/    AAPL US,נמכר לחלוטין,0.0,,0.0,,0.0,0.0,0.0
20,AMD,ADV MICRO(AMD),נמכר לחלוטין,0.0,,0.0,,0.0,0.0,1226.62
21,ETHA,ETHA US,פעיל,60.0,12.17,4012.12,66.87,2177.89,-1834.23,0.0
22,SOFI,SOFI US,פעיל,30.0,18.59,2364.0,78.8,1663.4,-700.6,0.0
23,VIXY,PROSHARES (VIXY,פעיל,3.75,11.2,180.0,48.0,125.27,-54.73,195.97
24,IBIT,IBIT US,פעיל,120.0,34.0,18720.0,156.0,12169.01,-6550.99,0.0
25,AVGO,BROADCOM (AVGO),נמכר לחלוטין,0.0,,0.0,,0.0,0.0,1569.0
26,NVDL,NOVADEL (NVDL),פעיל,210.0,28.78,14918.77,71.04,18026.24,3107.46,0.0
27,9992985,מס עתידי,נמכר לחלוטין,0.0,,0.0,,0.0,0.0,0.0
28,SCHD,SCHWAB US(SCHD),פעיל,60.0,31.93,6536.62,108.94,5714.07,-822.56,0.0
29,SMCI,SUPER MICR(SMCI,נמכר לחלוטין,0.0,,0.0,,0.0,0.0,1161.75
30,9993983,מגן מס,נמכר לחלוטין,0.0,,0.0,,0.0,0.0,0.0
31,9993975,מס תקבולים   24,נמכר לחלוטין,0.0,,0.0,,0.0,0.0,0.0
32,UBER,UBER US,פעיל,24.0,73.53,7260.0,302.5,5263.45,-1996.55,0.0
33,DELL,DELL US,פעיל,6.0,432.06,2730.0,455.0,7731.97,5001.97,0.0
34,MNDY,MNDY US,פעיל,12.0,77.44,10027.5,835.62,2771.67,-7255.83,0.0
35,SHOP,SHOPIFY I(SHOP),פעיל,24.0,122.56,9907.5,412.81,8773.14,-1134.36,0.0
36,PFE,PFIZER (PFE),פעיל,15.0,23.92,1548.75,103.25,1070.16,-478.59,0.0
37,MRNA,MRNA,פעיל,10.0,72.79,1792.5,179.25,2171.03,378.53,0.0
38,QQQ,INVESCO  (QQQ),פעיל,10.0,730.85,19192.5,1919.25,21798.33,2605.83,0.0
39,9992975,מס תקבולים-  25,נמכר לחלוטין,0.0,,0.0,,0.0,0.0,0.0
40,1159250,אשס.חוץ SPX 500,פעיל,10.0,2212.0,22510.24,2251.02,22120.0,-390.24,0.0
41,9992983,מגן מס,נמכר לחלוטין,0.0,,0.0,,0.0,0.0,0.0
42,UNH,UNITEDHEALT(UNH,פעיל,6.0,420.6,6217.5,1036.25,7526.89,1309.39,0.0
43,PATH,PATH US,פעיל,25.0,11.83,1230.0,49.2,882.1,-347.9,0.0
44,SOLZ,SOLZ US,פעיל,140.0,7.73,10282.5,73.45,3227.77,-7054.73,0.0
45,GLXY,GALAXY DI(GLXY),פעיל,80.0,26.83,8906.25,111.33,6401.85,-2504.4,0.0
46,PGY,PGY US,פעיל,70.0,19.09,7267.5,103.82,3985.65,-3281.85,0.0
47,LAES,LAES US,פעיל,300.0,3.22,5640.0,18.8,2881.19,-2758.81,0.0
48,CRM,SALESFORCE(CRM),פעיל,10.0,164.84,9592.5,959.25,4916.52,-4675.98,0.0
49,WKEY,WISEKEY I(WKEY),פעיל,150.0,7.23,6491.25,43.27,3234.63,-3256.62,0.0
50,IREN,IREN US,פעיל,45.0,43.46,6735.0,149.67,5833.07,-901.93,0.0
51,IBM,INT'L BUSI(IBM),פעיל,10.0,291.16,9310.88,931.09,8684.14,-626.74,0.0
52,CASH_ILS,"מזומן בשקלים (עו""ש)",פעיל,25294.93,1.0,25294.93,1.0,25294.93,0.0,0.0
53,CASH_USD,"מזומן במט""ח (מחושב)",פעיל,9836.66,2.9826,29338.82,,29338.82,0.0,0.0
54,TOTAL,"סה""כ שווי תיק",,,,361911.66,,342950.54,-18961.12,9909.13
